{
	"Version": 3,
	"Meta": {
		"Duration": 2.333,
		"Fps": 30.0,
		"Loop": true,
		"AreBeziersRestricted": true,
		"CurveCount": 31,
		"TotalSegmentCount": 94,
		"TotalPointCount": 251,
		"UserDataCount": 0,
		"TotalUserDataSize": 0
	},
	"Curves": [
		{
			"Target": "Model",
			"Id": "LipSync",
			"Segments": [
				0,
				0,
				1,
				0.022,
				0,
				0.044,
				0.973,
				0.067,
				0.973,
				1,
				0.089,
				0.973,
				0.111,
				0.982,
				0.133,
				0.894,
				1,
				0.156,
				0.807,
				0.178,
				0.151,
				0.2,
				0.071,
				1,
				0.222,
				-0.009,
				0.244,
				0,
				0.267,
				0,
				1,
				0.289,
				0,
				0.311,
				0,
				0.333,
				0,
				1,
				0.356,
				0,
				0.378,
				0.307,
				0.4,
				0.545,
				1,
				0.422,
				0.783,
				0.444,
				0.812,
				0.467,
				0.812,
				1,
				0.489,
				0.812,
				0.511,
				0.475,
				0.533,
				0.475,
				1,
				0.556,
				0.475,
				0.578,
				0.725,
				0.6,
				0.725,
				1,
				0.644,
				0.725,
				0.689,
				0.608,
				0.733,
				0.608,
				1,
				0.756,
				0.608,
				0.778,
				0.639,
				0.8,
				0.639,
				1,
				0.822,
				0.639,
				0.844,
				0.511,
				0.867,
				0.373,
				1,
				0.911,
				0.097,
				0.956,
				0,
				1,
				0,
				0,
				2.333,
				0
			]
		},
		{
			"Target": "Parameter",
			"Id": "PARAM_ANGLE_X",
			"Segments": [
				0,
				-30,
				1,
				0.189,
				-30,
				0.378,
				0,
				0.567,
				0,
				0,
				2.333,
				0
			]
		},
		{
			"Target": "Parameter",
			"Id": "PARAM_ANGLE_Y",
			"Segments": [
				0,
				0,
				0,
				2.333,
				0
			]
		},
		{
			"Target": "Parameter",
			"Id": "PARAM_ANGLE_Z",
			"Segments": [
				0,
				-30,
				1,
				0.078,
				-30,
				0.156,
				-30.694,
				0.233,
				-29,
				1,
				0.411,
				-25.128,
				0.589,
				16,
				0.767,
				16,
				1,
				0.911,
				16,
				1.056,
				-13,
				1.2,
				-13,
				0,
				2.333,
				-13
			]
		},
		{
			"Target": "Parameter",
			"Id": "PARAM_EYE_L_OPEN",
			"Segments": [
				0,
				1,
				1,
				0.178,
				1,
				0.356,
				1,
				0.533,
				1,
				1,
				0.578,
				1,
				0.622,
				0,
				0.667,
				0,
				0,
				2.333,
				0
			]
		},
		{
			"Target": "Parameter",
			"Id": "PARAM_EYE_L_SMILE",
			"Segments": [
				0,
				0,
				1,
				0.178,
				0,
				0.356,
				0,
				0.533,
				0,
				1,
				0.578,
				0,
				0.622,
				1,
				0.667,
				1,
				0,
				2.333,
				1
			]
		},
		{
			"Target": "Parameter",
			"Id": "PARAM_EYE_R_OPEN",
			"Segments": [
				0,
				1,
				1,
				0.178,
				1,
				0.356,
				1,
				0.533,
				1,
				1,
				0.578,
				1,
				0.622,
				0,
				0.667,
				0,
				0,
				2.333,
				0
			]
		},
		{
			"Target": "Parameter",
			"Id": "PARAM_EYE_R_SMILE",
			"Segments": [
				0,
				0,
				1,
				0.178,
				0,
				0.356,
				0,
				0.533,
				0,
				1,
				0.578,
				0,
				0.622,
				1,
				0.667,
				1,
				0,
				2.333,
				1
			]
		},
		{
			"Target": "Parameter",
			"Id": "PARAM_EYE_BALL_X",
			"Segments": [
				0,
				1,
				1,
				0.2,
				1,
				0.4,
				0,
				0.6,
				0,
				0,
				2.333,
				0
			]
		},
		{
			"Target": "Parameter",
			"Id": "PARAM_EYE_BALL_Y",
			"Segments": [
				0,
				0,
				1,
				0.2,
				0,
				0.4,
				0,
				0.6,
				0,
				0,
				2.333,
				0
			]
		},
		{
			"Target": "Parameter",
			"Id": "PARAM_BROW_L_Y",
			"Segments": [
				0,
				0,
				0,
				2.333,
				0
			]
		},
		{
			"Target": "Parameter",
			"Id": "PARAM_BROW_R_Y",
			"Segments": [
				0,
				0,
				0,
				2.333,
				0
			]
		},
		{
			"Target": "Parameter",
			"Id": "PARAM_BROW_L_X",
			"Segments": [
				0,
				0,
				0,
				2.333,
				0
			]
		},
		{
			"Target": "Parameter",
			"Id": "PARAM_BROW_R_X",
			"Segments": [
				0,
				0,
				0,
				2.333,
				0
			]
		},
		{
			"Target": "Parameter",
			"Id": "PARAM_BROW_L_ANGLE",
			"Segments": [
				0,
				0,
				0,
				2.333,
				0
			]
		},
		{
			"Target": "Parameter",
			"Id": "PARAM_BROW_R_ANGLE",
			"Segments": [
				0,
				0,
				0,
				2.333,
				0
			]
		},
		{
			"Target": "Parameter",
			"Id": "PARAM_BROW_L_FORM",
			"Segments": [
				0,
				0,
				0,
				2.333,
				0
			]
		},
		{
			"Target": "Parameter",
			"Id": "PARAM_BROW_R_FORM",
			"Segments": [
				0,
				0,
				0,
				2.333,
				0
			]
		},
		{
			"Target": "Parameter",
			"Id": "PARAM_MOUTH_FORM",
			"Segments": [
				0,
				1,
				0,
				2.333,
				1
			]
		},
		{
			"Target": "Parameter",
			"Id": "PARAM_MOUTH_OPEN_Y",
			"Segments": [
				0,
				0,
				0,
				2.333,
				0
			]
		},
		{
			"Target": "Parameter",
			"Id": "PARAM_CHEEK",
			"Segments": [
				0,
				0,
				0,
				2.333,
				0
			]
		},
		{
			"Target": "Parameter",
			"Id": "PARAM_ARM_L",
			"Segments": [
				0,
				1,
				1,
				0.156,
				1,
				0.311,
				0,
				0.467,
				0,
				1,
				0.633,
				0,
				0.8,
				1,
				0.967,
				1,
				0,
				2.333,
				1
			]
		},
		{
			"Target": "Parameter",
			"Id": "PARAM_ARM_R",
			"Segments": [
				0,
				-1,
				1,
				0.156,
				-1,
				0.311,
				0,
				0.467,
				0,
				1,
				0.633,
				0,
				0.8,
				-1,
				0.967,
				-1,
				0,
				2.333,
				-1
			]
		},
		{
			"Target": "Parameter",
			"Id": "PARAM_BODY_ANGLE_X",
			"Segments": [
				0,
				-10,
				1,
				0.189,
				-10,
				0.378,
				-6,
				0.567,
				-6,
				1,
				0.744,
				-6,
				0.922,
				-8,
				1.1,
				-8,
				0,
				2.333,
				-8
			]
		},
		{
			"Target": "Parameter",
			"Id": "PARAM_BODY_ANGLE_Y",
			"Segments": [
				0,
				0,
				1,
				0.044,
				0,
				0.089,
				-5,
				0.133,
				-5,
				1,
				0.211,
				-5,
				0.289,
				10,
				0.367,
				10,
				1,
				0.467,
				10,
				0.567,
				-6,
				0.667,
				-6,
				1,
				0.778,
				-6,
				0.889,
				0,
				1,
				0,
				0,
				2.333,
				0
			]
		},
		{
			"Target": "Parameter",
			"Id": "PARAM_BODY_ANGLE_Z",
			"Segments": [
				0,
				0,
				1,
				0.233,
				0,
				0.467,
				4,
				0.7,
				4,
				1,
				0.856,
				4,
				1.011,
				0,
				1.167,
				0,
				0,
				2.333,
				0
			]
		},
		{
			"Target": "Parameter",
			"Id": "PARAM_BREATH",
			"Segments": [
				0,
				0,
				0,
				2.333,
				0
			]
		},
		{
			"Target": "Parameter",
			"Id": "PARAM_HAIR_FRONT",
			"Segments": [
				0,
				0,
				1,
				0.056,
				0,
				0.111,
				-0.02,
				0.167,
				-0.22,
				1,
				0.233,
				-0.46,
				0.3,
				-0.74,
				0.367,
				-0.74,
				1,
				0.5,
				-0.74,
				0.633,
				0.62,
				0.767,
				0.62,
				1,
				0.944,
				0.62,
				1.122,
				-0.29,
				1.3,
				-0.29,
				1,
				1.456,
				-0.29,
				1.611,
				0.24,
				1.767,
				0.24,
				1,
				1.9,
				0.24,
				2.033,
				0,
				2.167,
				0,
				0,
				2.333,
				0
			]
		},
		{
			"Target": "Parameter",
			"Id": "PARAM_HAIR_BACK",
			"Segments": [
				0,
				0,
				1,
				0.067,
				0,
				0.133,
				-0.001,
				0.2,
				-0.2,
				1,
				0.267,
				-0.399,
				0.333,
				-0.79,
				0.4,
				-0.79,
				1,
				0.533,
				-0.79,
				0.667,
				0.57,
				0.8,
				0.57,
				1,
				0.978,
				0.57,
				1.156,
				-0.28,
				1.333,
				-0.28,
				1,
				1.489,
				-0.28,
				1.644,
				0.27,
				1.8,
				0.27,
				1,
				1.933,
				0.27,
				2.067,
				0,
				2.2,
				0,
				0,
				2.333,
				0
			]
		},
		{
			"Target": "Parameter",
			"Id": "PARAM_HAIR_BACK_L",
			"Segments": [
				0,
				0,
				1,
				0.078,
				0,
				0.156,
				0.004,
				0.233,
				-0.03,
				1,
				0.3,
				-0.059,
				0.367,
				-0.24,
				0.433,
				-0.24,
				1,
				0.578,
				-0.24,
				0.722,
				0.18,
				0.867,
				0.18,
				1,
				1.033,
				0.18,
				1.2,
				-0.07,
				1.367,
				-0.07,
				1,
				1.522,
				-0.07,
				1.678,
				0.1,
				1.833,
				0.1,
				1,
				1.967,
				0.1,
				2.1,
				0,
				2.233,
				0,
				0,
				2.333,
				0
			]
		},
		{
			"Target": "Parameter",
			"Id": "PARAM_HAIR_BACK_R",
			"Segments": [
				0,
				0,
				1,
				0.078,
				0,
				0.156,
				0.004,
				0.233,
				-0.03,
				1,
				0.3,
				-0.059,
				0.367,
				-0.29,
				0.433,
				-0.29,
				1,
				0.578,
				-0.29,
				0.722,
				0.2,
				0.867,
				0.2,
				1,
				1.033,
				0.2,
				1.2,
				-0.05,
				1.367,
				-0.05,
				1,
				1.522,
				-0.05,
				1.678,
				0.08,
				1.833,
				0.08,
				1,
				1.967,
				0.08,
				2.1,
				0,
				2.233,
				0,
				0,
				2.333,
				0
			]
		}
	]
}